{"test_time": 449.9185667037964, "test_sg_loss": 0.15950086473224262, "test_sg_accuracy": 0.9369162917137146, "test_sg_precision": 0.6768466383218765, "test_sg_recall": 0.6259800791740417, "test_sg_f1": 0.6461539297532556, "test_gg_loss": 0.007911142081475994, "test_gg_accuracy": 0.9989941716194153, "test_gg_precision": 0.5253637991845608, "test_gg_recall": 0.5010022619972005, "test_gg_f1": 0.5017118327686335, "epoch_1_train_time": 495.7534108161926, "epoch_1_train_sg_loss": 0.21574936226143665, "epoch_1_train_sg_accuracy": 0.9253851771354675, "epoch_1_train_sg_precision": 0.5452453568577766, "epoch_1_train_sg_recall": 0.5093325227499008, "epoch_1_train_sg_f1": 0.5059130703668584, "epoch_1_train_gg_loss": 0.021281569291798256, "epoch_1_train_gg_accuracy": 0.997018575668335, "epoch_1_train_gg_precision": 0.5010664622532204, "epoch_1_train_gg_recall": 0.5021979017183185, "epoch_1_train_gg_f1": 0.501345561348772, "epoch_1_val_time": 429.55241537094116, "epoch_1_val_sg_loss": 0.16795330709399986, "epoch_1_val_sg_accuracy": 0.9356151223182678, "epoch_1_val_sg_precision": 0.5900186523795128, "epoch_1_val_sg_recall": 0.5401047877967358, "epoch_1_val_sg_f1": 0.5520998243661118, "epoch_1_val_gg_loss": 0.00820248787648399, "epoch_1_val_gg_accuracy": 0.9989592432975769, "epoch_1_val_gg_precision": 0.551622960716486, "epoch_1_val_gg_recall": 0.5008626604103483, "epoch_1_val_gg_f1": 0.5014517851885165, "epoch_2_train_time": 496.3875958919525, "epoch_2_train_sg_loss": 0.18543275790861308, "epoch_2_train_sg_accuracy": 0.9291595220565796, "epoch_2_train_sg_precision": 0.5928056463599205, "epoch_2_train_sg_recall": 0.5151635725051165, "epoch_2_train_sg_f1": 0.5149245919486255, "epoch_2_train_gg_loss": 0.01047798888388284, "epoch_2_train_gg_accuracy": 0.9989569187164307, "epoch_2_train_gg_precision": 0.5226156823337078, "epoch_2_train_gg_recall": 0.501676302170381, "epoch_2_train_gg_f1": 0.5029248878445209, "epoch_2_val_time": 429.70312547683716, "epoch_2_val_sg_loss": 0.1648526504771128, "epoch_2_val_sg_accuracy": 0.9325531721115112, "epoch_2_val_sg_precision": 0.6092702895402908, "epoch_2_val_sg_recall": 0.569279856979847, "epoch_2_val_sg_f1": 0.5833868460686733, "epoch_2_val_gg_loss": 0.008279347963192015, "epoch_2_val_gg_accuracy": 0.9989557266235352, "epoch_2_val_gg_precision": 0.5482678860425949, "epoch_2_val_gg_recall": 0.5009971025865525, "epoch_2_val_gg_f1": 0.5017114198293938, "epoch_3_train_time": 493.4303255081177, "epoch_3_train_sg_loss": 0.16233614105545452, "epoch_3_train_sg_accuracy": 0.9326849579811096, "epoch_3_train_sg_precision": 0.6984692811965942, "epoch_3_train_sg_recall": 0.5557475574314594, "epoch_3_train_sg_f1": 0.578507325972172, "epoch_3_train_gg_loss": 0.011093585258585443, "epoch_3_train_gg_accuracy": 0.9989784359931946, "epoch_3_train_gg_precision": 0.5213335193693638, "epoch_3_train_gg_recall": 0.5010552417952567, "epoch_3_train_gg_f1": 0.501799644820387, "epoch_3_val_time": 429.95036816596985, "epoch_3_val_sg_loss": 0.15608304156258695, "epoch_3_val_sg_accuracy": 0.9393691420555115, "epoch_3_val_sg_precision": 0.6276975572109222, "epoch_3_val_sg_recall": 0.5542491003870964, "epoch_3_val_sg_f1": 0.5723225130736808, "epoch_3_val_gg_loss": 0.008422639610833515, "epoch_3_val_gg_accuracy": 0.9989594221115112, "epoch_3_val_gg_precision": 0.5445202738046646, "epoch_3_val_gg_recall": 0.5007056961767375, "epoch_3_val_gg_f1": 0.5011436578941201, "epoch_4_train_time": 495.7683002948761, "epoch_4_train_sg_loss": 0.1362124363158268, "epoch_4_train_sg_accuracy": 0.9404201507568359, "epoch_4_train_sg_precision": 0.7780232131481171, "epoch_4_train_sg_recall": 0.6286334991455078, "epoch_4_train_sg_f1": 0.6709209315837069, "epoch_4_train_gg_loss": 0.010947483724476558, "epoch_4_train_gg_accuracy": 0.9989401698112488, "epoch_4_train_gg_precision": 0.5176469758152962, "epoch_4_train_gg_recall": 0.5016058036126196, "epoch_4_train_gg_f1": 0.5027574254728802, "epoch_4_val_time": 429.7785828113556, "epoch_4_val_sg_loss": 0.14320185427817203, "epoch_4_val_sg_accuracy": 0.9401661157608032, "epoch_4_val_sg_precision": 0.6514857411384583, "epoch_4_val_sg_recall": 0.5753863975405693, "epoch_4_val_sg_f1": 0.5977494389935308, "epoch_4_val_gg_loss": 0.008523472785532163, "epoch_4_val_gg_accuracy": 0.9989635348320007, "epoch_4_val_gg_precision": 0.5588842667639256, "epoch_4_val_gg_recall": 0.5006972365663387, "epoch_4_val_gg_f1": 0.5011294709575944, "epoch_5_train_time": 494.0988938808441, "epoch_5_train_sg_loss": 0.11900032323319223, "epoch_5_train_sg_accuracy": 0.9483835101127625, "epoch_5_train_sg_precision": 0.8248021602630615, "epoch_5_train_sg_recall": 0.6881561726331711, "epoch_5_train_sg_f1": 0.7351354181126546, "epoch_5_train_gg_loss": 0.010148244490511354, "epoch_5_train_gg_accuracy": 0.9989227056503296, "epoch_5_train_gg_precision": 0.5165359172970057, "epoch_5_train_gg_recall": 0.5018145805224776, "epoch_5_train_gg_f1": 0.5030944901688948, "epoch_5_val_time": 430.1304852962494, "epoch_5_val_sg_loss": 0.17343688781181515, "epoch_5_val_sg_accuracy": 0.9328887462615967, "epoch_5_val_sg_precision": 0.6583424806594849, "epoch_5_val_sg_recall": 0.6546052545309067, "epoch_5_val_sg_f1": 0.6564458711470273, "epoch_5_val_gg_loss": 0.008300752639913405, "epoch_5_val_gg_accuracy": 0.9989601969718933, "epoch_5_val_gg_precision": 0.5553383454680443, "epoch_5_val_gg_recall": 0.5008736233576201, "epoch_5_val_gg_f1": 0.5014742253433849}