{"model_name_or_path": "meta-llama/Meta-Llama-3-8B", "h_dim": 128, "n_injector_head": 4, "injector_dropout_p": 0.1, "encoder_dropout_p": 0.1, "n_encoder_head": 4, "n_encoder_layers": 2, "to_matrix": "diagonal", "gnn_type": "gatv2", "test_time": 448.9739649295807, "test_sg_loss": 0.15937451811333664, "test_sg_accuracy": 0.9345248937606812, "test_sg_precision": 0.6595284193754196, "test_sg_recall": 0.6120068952441216, "test_sg_f1": 0.6305709017121045, "test_gg_loss": 0.0072512885729279, "test_gg_accuracy": 0.9990227818489075, "test_gg_precision": 0.5391039922833443, "test_gg_recall": 0.5002751811116468, "test_gg_f1": 0.500308329021388, "epoch_1_train_time": 493.92451190948486, "epoch_1_train_sg_loss": 0.21517455751116785, "epoch_1_train_sg_accuracy": 0.9275004863739014, "epoch_1_train_sg_precision": 0.5581067502498627, "epoch_1_train_sg_recall": 0.5098782833665609, "epoch_1_train_sg_f1": 0.506156074984225, "epoch_1_train_gg_loss": 0.01753993538830585, "epoch_1_train_gg_accuracy": 0.9972994327545166, "epoch_1_train_gg_precision": 0.5003150068805553, "epoch_1_train_gg_recall": 0.5005567226326093, "epoch_1_train_gg_f1": 0.5003501020794812, "epoch_1_val_time": 429.12590765953064, "epoch_1_val_sg_loss": 0.16622600922314373, "epoch_1_val_sg_accuracy": 0.9368105530738831, "epoch_1_val_sg_precision": 0.5917953923344612, "epoch_1_val_sg_recall": 0.537504281848669, "epoch_1_val_sg_f1": 0.5493312723677937, "epoch_1_val_gg_loss": 0.007994130208484716, "epoch_1_val_gg_accuracy": 0.9989646673202515, "epoch_1_val_gg_precision": 0.5528342351317406, "epoch_1_val_gg_recall": 0.5005301736528054, "epoch_1_val_gg_f1": 0.5008000076317077, "epoch_2_train_time": 494.6072196960449, "epoch_2_train_sg_loss": 0.18095600195096562, "epoch_2_train_sg_accuracy": 0.9303000569343567, "epoch_2_train_sg_precision": 0.6027064025402069, "epoch_2_train_sg_recall": 0.5141616445034742, "epoch_2_train_sg_f1": 0.5128823083715703, "epoch_2_train_gg_loss": 0.009404439746144922, "epoch_2_train_gg_accuracy": 0.9989854097366333, "epoch_2_train_gg_precision": 0.5234746765345335, "epoch_2_train_gg_recall": 0.5009862355655059, "epoch_2_train_gg_f1": 0.5016767682661221, "epoch_2_val_time": 429.3283009529114, "epoch_2_val_sg_loss": 0.16510415725732808, "epoch_2_val_sg_accuracy": 0.929931640625, "epoch_2_val_sg_precision": 0.598516471683979, "epoch_2_val_sg_recall": 0.5669466853141785, "epoch_2_val_sg_f1": 0.578671252107279, "epoch_2_val_gg_loss": 0.007840037847895786, "epoch_2_val_gg_accuracy": 0.99896639585495, "epoch_2_val_gg_precision": 0.5556226335465908, "epoch_2_val_gg_recall": 0.5004472382133827, "epoch_2_val_gg_f1": 0.5006360909708071, "epoch_3_train_time": 493.4948961734772, "epoch_3_train_sg_loss": 0.16107270537165103, "epoch_3_train_sg_accuracy": 0.9334522485733032, "epoch_3_train_sg_precision": 0.7085900008678436, "epoch_3_train_sg_recall": 0.5549855530261993, "epoch_3_train_sg_f1": 0.5779839068636392, "epoch_3_train_gg_loss": 0.009214352748764133, "epoch_3_train_gg_accuracy": 0.9990034103393555, "epoch_3_train_gg_precision": 0.5213140435516834, "epoch_3_train_gg_recall": 0.5004565881099552, "epoch_3_train_gg_f1": 0.500664388091356, "epoch_3_val_time": 429.5169677734375, "epoch_3_val_sg_loss": 0.15897177247086242, "epoch_3_val_sg_accuracy": 0.9335598349571228, "epoch_3_val_sg_precision": 0.6095083653926849, "epoch_3_val_sg_recall": 0.5652493536472321, "epoch_3_val_sg_f1": 0.5800316408070413, "epoch_3_val_gg_loss": 0.007710523704130006, "epoch_3_val_gg_accuracy": 0.9989680051803589, "epoch_3_val_gg_precision": 0.5567784421145916, "epoch_3_val_gg_recall": 0.500343330524629, "epoch_3_val_gg_f1": 0.5004298306825816, "epoch_4_train_time": 494.4919114112854, "epoch_4_train_sg_loss": 0.13821724242706923, "epoch_4_train_sg_accuracy": 0.9408556222915649, "epoch_4_train_sg_precision": 0.7820301353931427, "epoch_4_train_sg_recall": 0.6300392001867294, "epoch_4_train_sg_f1": 0.6729873091754756, "epoch_4_train_gg_loss": 0.009035477761291277, "epoch_4_train_gg_accuracy": 0.9990035891532898, "epoch_4_train_gg_precision": 0.5214629378169775, "epoch_4_train_gg_recall": 0.5004566477146, "epoch_4_train_gg_f1": 0.5006645477348834, "epoch_4_val_time": 428.8976399898529, "epoch_4_val_sg_loss": 0.14293913039979664, "epoch_4_val_sg_accuracy": 0.9422842860221863, "epoch_4_val_sg_precision": 0.6651159524917603, "epoch_4_val_sg_recall": 0.5728925466537476, "epoch_4_val_sg_f1": 0.5974075493541288, "epoch_4_val_gg_loss": 0.007791513106355338, "epoch_4_val_gg_accuracy": 0.9989694952964783, "epoch_4_val_gg_precision": 0.5489657633006573, "epoch_4_val_gg_recall": 0.5001973888720386, "epoch_4_val_gg_f1": 0.5001391180555838, "epoch_5_train_time": 492.50259137153625, "epoch_5_train_sg_loss": 0.12092809609858125, "epoch_5_train_sg_accuracy": 0.948466420173645, "epoch_5_train_sg_precision": 0.8259781301021576, "epoch_5_train_sg_recall": 0.687614232301712, "epoch_5_train_sg_f1": 0.7349535934027462, "epoch_5_train_gg_loss": 0.008427245896461528, "epoch_5_train_gg_accuracy": 0.9989976286888123, "epoch_5_train_gg_precision": 0.5125684356316924, "epoch_5_train_gg_recall": 0.5003396688844077, "epoch_5_train_gg_f1": 0.5004357990153082, "epoch_5_val_time": 428.96089267730713, "epoch_5_val_sg_loss": 0.17264413261996034, "epoch_5_val_sg_accuracy": 0.9331403970718384, "epoch_5_val_sg_precision": 0.6521956324577332, "epoch_5_val_sg_recall": 0.6370621174573898, "epoch_5_val_sg_f1": 0.6441310396405715, "epoch_5_val_gg_loss": 0.0077126327501763625, "epoch_5_val_gg_accuracy": 0.9989686608314514, "epoch_5_val_gg_precision": 0.5557115860283375, "epoch_5_val_gg_recall": 0.5002912276540883, "epoch_5_val_gg_f1": 0.5003261927859173, "mp": NaN}