{"name": "0.9", "test_time": 448.97772550582886, "test_sg_loss": 0.16103397523749885, "test_sg_accuracy": 0.9365040063858032, "test_sg_precision": 0.6747452020645142, "test_sg_recall": 0.6257619261741638, "test_sg_f1": 0.6453279772597319, "test_gg_loss": 0.008098557812941437, "test_gg_accuracy": 0.9989557862281799, "test_gg_precision": 0.5182370562106371, "test_gg_recall": 0.5014773664297536, "test_gg_f1": 0.5025423948812614, "epoch_1_train_time": 494.77965688705444, "epoch_1_train_sg_loss": 0.21326894232945434, "epoch_1_train_sg_accuracy": 0.9282055497169495, "epoch_1_train_sg_precision": 0.5612592399120331, "epoch_1_train_sg_recall": 0.5095227379351854, "epoch_1_train_sg_f1": 0.5052755791598375, "epoch_1_train_gg_loss": 0.026303473527395527, "epoch_1_train_gg_accuracy": 0.9962447285652161, "epoch_1_train_gg_precision": 0.5013801690656692, "epoch_1_train_gg_recall": 0.5039445329457521, "epoch_1_train_gg_f1": 0.5018239474321853, "epoch_1_val_time": 429.78650164604187, "epoch_1_val_sg_loss": 0.16396337953049997, "epoch_1_val_sg_accuracy": 0.9392642974853516, "epoch_1_val_sg_precision": 0.5871474221348763, "epoch_1_val_sg_recall": 0.5270147249102592, "epoch_1_val_sg_f1": 0.5357091271155188, "epoch_1_val_gg_loss": 0.00830849972676718, "epoch_1_val_gg_accuracy": 0.9989496469497681, "epoch_1_val_gg_precision": 0.5429491177201271, "epoch_1_val_gg_recall": 0.5011721184710041, "epoch_1_val_gg_f1": 0.5020442268827902, "epoch_2_train_time": 495.894499540329, "epoch_2_train_sg_loss": 0.18321171711901016, "epoch_2_train_sg_accuracy": 0.9304659962654114, "epoch_2_train_sg_precision": 0.6036540418863297, "epoch_2_train_sg_recall": 0.5138106774538755, "epoch_2_train_sg_f1": 0.5122090348103736, "epoch_2_train_gg_loss": 0.01105129442835424, "epoch_2_train_gg_accuracy": 0.9989145994186401, "epoch_2_train_gg_precision": 0.5160775668919086, "epoch_2_train_gg_recall": 0.5019037583842874, "epoch_2_train_gg_f1": 0.5032333003474614, "epoch_2_val_time": 429.5068004131317, "epoch_2_val_sg_loss": 0.16386728854422966, "epoch_2_val_sg_accuracy": 0.9332662224769592, "epoch_2_val_sg_precision": 0.6007606908679008, "epoch_2_val_sg_recall": 0.5573018863797188, "epoch_2_val_sg_f1": 0.571075171175543, "epoch_2_val_gg_loss": 0.008698932891849717, "epoch_2_val_gg_accuracy": 0.9989506006240845, "epoch_2_val_gg_precision": 0.541255533695221, "epoch_2_val_gg_recall": 0.5010679127881303, "epoch_2_val_gg_f1": 0.5018432333473172, "epoch_3_train_time": 494.3906219005585, "epoch_3_train_sg_loss": 0.1603878125645626, "epoch_3_train_sg_accuracy": 0.9332241415977478, "epoch_3_train_sg_precision": 0.7049960941076279, "epoch_3_train_sg_recall": 0.5538373962044716, "epoch_3_train_sg_f1": 0.576230405131718, "epoch_3_train_gg_loss": 0.011595641437979401, "epoch_3_train_gg_accuracy": 0.9989256262779236, "epoch_3_train_gg_precision": 0.5125870676711202, "epoch_3_train_gg_recall": 0.501318839029409, "epoch_3_train_gg_f1": 0.5022092552040797, "epoch_3_val_time": 429.9257481098175, "epoch_3_val_sg_loss": 0.1554643622730836, "epoch_3_val_sg_accuracy": 0.934776246547699, "epoch_3_val_sg_precision": 0.6026328802108765, "epoch_3_val_sg_recall": 0.5533468201756477, "epoch_3_val_sg_f1": 0.567696524831797, "epoch_3_val_gg_loss": 0.008694732708905126, "epoch_3_val_gg_accuracy": 0.9989383816719055, "epoch_3_val_gg_precision": 0.5255523920059204, "epoch_3_val_gg_recall": 0.5009569717221893, "epoch_3_val_gg_f1": 0.5016145225324679, "epoch_4_train_time": 495.47477865219116, "epoch_4_train_sg_loss": 0.13614394989527737, "epoch_4_train_sg_accuracy": 0.9410630464553833, "epoch_4_train_sg_precision": 0.7824371457099915, "epoch_4_train_sg_recall": 0.6338147073984146, "epoch_4_train_sg_f1": 0.6768157784967518, "epoch_4_train_gg_loss": 0.011436016925938756, "epoch_4_train_gg_accuracy": 0.998898446559906, "epoch_4_train_gg_precision": 0.5127359237521887, "epoch_4_train_gg_recall": 0.5017092199996114, "epoch_4_train_gg_f1": 0.5028513183034529, "epoch_4_val_time": 429.7679376602173, "epoch_4_val_sg_loss": 0.1455134690594795, "epoch_4_val_sg_accuracy": 0.9403548240661621, "epoch_4_val_sg_precision": 0.6537368893623352, "epoch_4_val_sg_recall": 0.5768163949251175, "epoch_4_val_sg_f1": 0.599539255328036, "epoch_4_val_gg_loss": 0.008778701799172312, "epoch_4_val_gg_accuracy": 0.9989498257637024, "epoch_4_val_gg_precision": 0.5390444211661816, "epoch_4_val_gg_recall": 0.5010360669111833, "epoch_4_val_gg_f1": 0.5017803991654841, "epoch_5_train_time": 495.08902621269226, "epoch_5_train_sg_loss": 0.11760377359584694, "epoch_5_train_sg_accuracy": 0.9492959380149841, "epoch_5_train_sg_precision": 0.8296738564968109, "epoch_5_train_sg_recall": 0.6940679848194122, "epoch_5_train_sg_f1": 0.7412992280030517, "epoch_5_train_gg_loss": 0.010953228980772625, "epoch_5_train_gg_accuracy": 0.9988669157028198, "epoch_5_train_gg_precision": 0.5135287512093782, "epoch_5_train_gg_recall": 0.5022839172743261, "epoch_5_train_gg_f1": 0.5037623531826557, "epoch_5_val_time": 429.3697466850281, "epoch_5_val_sg_loss": 0.17283223507457335, "epoch_5_val_sg_accuracy": 0.9298896789550781, "epoch_5_val_sg_precision": 0.645761713385582, "epoch_5_val_sg_recall": 0.646371066570282, "epoch_5_val_sg_f1": 0.6460655809319414, "epoch_5_val_gg_loss": 0.008400386804081563, "epoch_5_val_gg_accuracy": 0.998944103717804, "epoch_5_val_gg_precision": 0.5338361896574497, "epoch_5_val_gg_recall": 0.5010960333747789, "epoch_5_val_gg_f1": 0.5018892648620766}