{"name": "mp_zeros", "model_name_or_path": "meta-llama/Meta-Llama-3-8B", "h_dim": 128, "n_injector_head": 4, "injector_dropout_p": 0.1, "encoder_dropout_p": 0.1, "n_encoder_head": 4, "n_encoder_layers": 2, "to_matrix": "diagonal", "gnn_type": "gatv2", "mp": false, "inject_edge_attr": "zeros", "test_time": 448.3368058204651, "test_sg_loss": 0.15904124176795661, "test_sg_accuracy": 0.935370147228241, "test_sg_precision": 0.6646436899900436, "test_sg_recall": 0.6145720928907394, "test_sg_f1": 0.6340268604853935, "test_gg_loss": 0.00720708288909612, "test_gg_accuracy": 0.9990218281745911, "test_gg_precision": 0.541803166270256, "test_gg_recall": 0.5003467694041319, "test_gg_f1": 0.5004505095713321, "epoch_1_train_time": 494.97135949134827, "epoch_1_train_sg_loss": 0.2149194226143868, "epoch_1_train_sg_accuracy": 0.9275004863739014, "epoch_1_train_sg_precision": 0.5599938705563545, "epoch_1_train_sg_recall": 0.5103180017322302, "epoch_1_train_sg_f1": 0.5069280441215553, "epoch_1_train_gg_loss": 0.017531263464141723, "epoch_1_train_gg_accuracy": 0.9972994327545166, "epoch_1_train_gg_precision": 0.5003267537686042, "epoch_1_train_gg_recall": 0.5005774605087936, "epoch_1_train_gg_f1": 0.5003650813632877, "epoch_1_val_time": 428.0565369129181, "epoch_1_val_sg_loss": 0.16590797912185212, "epoch_1_val_sg_accuracy": 0.9371041655540466, "epoch_1_val_sg_precision": 0.5917605832219124, "epoch_1_val_sg_recall": 0.5365188047289848, "epoch_1_val_sg_f1": 0.5481657307299985, "epoch_1_val_gg_loss": 0.007959437946722837, "epoch_1_val_gg_accuracy": 0.9989647269248962, "epoch_1_val_gg_precision": 0.5546952858567238, "epoch_1_val_gg_recall": 0.5005511459312402, "epoch_1_val_gg_f1": 0.5008414901780135, "epoch_2_train_time": 494.0624577999115, "epoch_2_train_sg_loss": 0.18134867925464496, "epoch_2_train_sg_accuracy": 0.9305696487426758, "epoch_2_train_sg_precision": 0.6114528179168701, "epoch_2_train_sg_recall": 0.5154785681515932, "epoch_2_train_sg_f1": 0.5151567018400411, "epoch_2_train_gg_loss": 0.009352991539192638, "epoch_2_train_gg_accuracy": 0.9989868998527527, "epoch_2_train_gg_precision": 0.5264158677309752, "epoch_2_train_gg_recall": 0.5010801816824824, "epoch_2_train_gg_f1": 0.5018585175775775, "epoch_2_val_time": 429.13117718696594, "epoch_2_val_sg_loss": 0.1656807958451595, "epoch_2_val_sg_accuracy": 0.9290298223495483, "epoch_2_val_sg_precision": 0.6017521619796753, "epoch_2_val_sg_recall": 0.5740734934806824, "epoch_2_val_sg_f1": 0.5849875679288792, "epoch_2_val_gg_loss": 0.00783518139716755, "epoch_2_val_gg_accuracy": 0.9989665746688843, "epoch_2_val_gg_precision": 0.5600132085382938, "epoch_2_val_gg_recall": 0.500478786038002, "epoch_2_val_gg_f1": 0.5006986257729152, "epoch_3_train_time": 492.86175560951233, "epoch_3_train_sg_loss": 0.1601847329078405, "epoch_3_train_sg_accuracy": 0.933784008026123, "epoch_3_train_sg_precision": 0.713792011141777, "epoch_3_train_sg_recall": 0.556775514036417, "epoch_3_train_sg_f1": 0.580695337140027, "epoch_3_train_gg_loss": 0.009158815103488021, "epoch_3_train_gg_accuracy": 0.9990049004554749, "epoch_3_train_gg_precision": 0.5228519681841135, "epoch_3_train_gg_recall": 0.5004572735633701, "epoch_3_train_gg_f1": 0.5006659936442758, "epoch_3_val_time": 428.76866698265076, "epoch_3_val_sg_loss": 0.15735826577959527, "epoch_3_val_sg_accuracy": 0.9343568086624146, "epoch_3_val_sg_precision": 0.6067831218242645, "epoch_3_val_sg_recall": 0.5590175166726112, "epoch_3_val_sg_f1": 0.5738598815757857, "epoch_3_val_gg_loss": 0.007680309812315565, "epoch_3_val_gg_accuracy": 0.9989681243896484, "epoch_3_val_gg_precision": 0.5591358952224255, "epoch_3_val_gg_recall": 0.5003538166638464, "epoch_3_val_gg_f1": 0.5004507213774096, "epoch_4_train_time": 494.38909125328064, "epoch_4_train_sg_loss": 0.13651239656060096, "epoch_4_train_sg_accuracy": 0.9417058825492859, "epoch_4_train_sg_precision": 0.7896563112735748, "epoch_4_train_sg_recall": 0.6332792788743973, "epoch_4_train_sg_f1": 0.6774875910625725, "epoch_4_train_gg_loss": 0.008955813529059439, "epoch_4_train_gg_accuracy": 0.9990022778511047, "epoch_4_train_gg_precision": 0.520593324676156, "epoch_4_train_gg_recall": 0.500466390803922, "epoch_4_train_gg_f1": 0.5006833060689996, "epoch_4_val_time": 429.4913594722748, "epoch_4_val_sg_loss": 0.14450473661033417, "epoch_4_val_sg_accuracy": 0.9401241540908813, "epoch_4_val_sg_precision": 0.6489512473344803, "epoch_4_val_sg_recall": 0.5723232626914978, "epoch_4_val_sg_f1": 0.5942998746632278, "epoch_4_val_gg_loss": 0.0077503962480693946, "epoch_4_val_gg_accuracy": 0.9989688992500305, "epoch_4_val_gg_precision": 0.5505977645516396, "epoch_4_val_gg_recall": 0.5002390353911323, "epoch_4_val_gg_f1": 0.5002222207390385, "epoch_5_train_time": 493.4288115501404, "epoch_5_train_sg_loss": 0.1198538723428861, "epoch_5_train_sg_accuracy": 0.948590874671936, "epoch_5_train_sg_precision": 0.8243251740932465, "epoch_5_train_sg_recall": 0.6919316649436951, "epoch_5_train_sg_f1": 0.738198463023351, "epoch_5_train_gg_loss": 0.008366380559799977, "epoch_5_train_gg_accuracy": 0.9989929795265198, "epoch_5_train_gg_precision": 0.5155476685613394, "epoch_5_train_gg_recall": 0.5005031577311456, "epoch_5_train_gg_f1": 0.5007525375264829, "epoch_5_val_time": 428.55273056030273, "epoch_5_val_sg_loss": 0.16925198148650397, "epoch_5_val_sg_accuracy": 0.9335178732872009, "epoch_5_val_sg_precision": 0.6538388282060623, "epoch_5_val_sg_recall": 0.6378314346075058, "epoch_5_val_sg_f1": 0.6452838197231041, "epoch_5_val_gg_loss": 0.007667942275199463, "epoch_5_val_gg_accuracy": 0.9989681839942932, "epoch_5_val_gg_precision": 0.5604186728596687, "epoch_5_val_gg_recall": 0.5003539060708135, "epoch_5_val_gg_f1": 0.5004508547099256}